Source URL,Target URL,Anchor,Context,Reason
/,/servizi-2/,Esplora tutti i servizi,hero servizi,porta traffico alla pagina hub
/,/come-funziona/,Tutti i passaggi,processo,spiega la richiesta prima della conversione
/,/zone-servite/,I comuni della provincia,sezione territorio,rafforza cluster locale senza doorway
/,/guide/foto-per-valutazione/,Prepara la richiesta,guide home,aiuta l’utente a inviare dati utili
/,/guide/costo-sgombero/,Capisci i fattori,guide home,spiega trasparenza economica
/,/guide/casa-ereditata/,Leggi la guida,guide home,intercetta situazione reale
/servizi-2/,/come-funziona/,Come lavoriamo,hub servizi,connette scelta servizio e processo
/servizi-2/,/smaltimento-mobili/,Smaltimento mobili,hub servizi,distinzione tra recupero e gestione materiali
/come-funziona/,/contact/,Invia foto e dettagli,CTA,conversione con informazioni utili
/zone-servite/,/catania/,Catania città,hub locale,priorità geografica documentata
/ritiro-mobili-usati/,/acquisto-mobili/,Acquisto e valutazione,servizio correlato,evita confusione tra ritiro e acquisto
/smaltimento-mobili/,/guide/sgombero-ritiro-smaltimento/,Capire le differenze,spiegazione servizio,educa l’utente
/guide/costo-sgombero/,/guide/foto-per-valutazione/,foto e informazioni,preparazione preventivo,riduce richieste incomplete
/guide/foto-per-valutazione/,/come-funziona/,come funziona la valutazione,passaggio successivo,porta al processo
/guide/casa-ereditata/,/sgombero-abitazioni/,sgombero abitazioni,CTA contestuale,collega bisogno e servizio
/contact/,/come-funziona/,Come preparare la richiesta,contatti,aiuta prima del messaggio
